,danceability,energy,key,loudness,mode,speechiness,acousticness,instrumentalness,liveness,valence,tempo,type,id,uri,track_href,analysis_url,duration_ms,time_signature
0,0.709,0.548,10,-8.493,1,0.353,0.65,1.59e-06,0.133,0.543,83.995,audio_features,1tkg4EHVoqnhR6iFEXb60y,spotify:track:1tkg4EHVoqnhR6iFEXb60y,https://api.spotify.com/v1/tracks/1tkg4EHVoqnhR6iFEXb60y,https://api.spotify.com/v1/audio-analysis/1tkg4EHVoqnhR6iFEXb60y,160000,4
1,0.954,0.607,0,-8.725,0,0.214,0.0621,0.0,0.104,0.46,103.988,audio_features,6S6FVfLInBO3NcC1BsJPYv,spotify:track:6S6FVfLInBO3NcC1BsJPYv,https://api.spotify.com/v1/tracks/6S6FVfLInBO3NcC1BsJPYv,https://api.spotify.com/v1/audio-analysis/6S6FVfLInBO3NcC1BsJPYv,144091,4
2,0.399,0.492,6,-10.777,0,0.0538,0.058,0.00101,0.11,0.159,91.066,audio_features,1fah1uAs7HeTYDlNftKr3K,spotify:track:1fah1uAs7HeTYDlNftKr3K,https://api.spotify.com/v1/tracks/1fah1uAs7HeTYDlNftKr3K,https://api.spotify.com/v1/audio-analysis/1fah1uAs7HeTYDlNftKr3K,210463,4
3,0.834,0.663,8,-6.143,1,0.133,0.235,0.0,0.372,0.774,121.876,audio_features,0AUvWawuP0ibk4SQ3sIZjk,spotify:track:0AUvWawuP0ibk4SQ3sIZjk,https://api.spotify.com/v1/tracks/0AUvWawuP0ibk4SQ3sIZjk,https://api.spotify.com/v1/audio-analysis/0AUvWawuP0ibk4SQ3sIZjk,146523,4
4,0.839,0.683,10,-9.232,0,0.165,0.00667,0.0,0.241,0.522,120.003,audio_features,0wYOlCybpxFc2azWLyYj0S,spotify:track:0wYOlCybpxFc2azWLyYj0S,https://api.spotify.com/v1/tracks/0wYOlCybpxFc2azWLyYj0S,https://api.spotify.com/v1/audio-analysis/0wYOlCybpxFc2azWLyYj0S,159955,4
5,0.736,0.279,9,-16.926,0,0.903,0.65,0.000312,0.246,0.476,76.431,audio_features,2RrZbxdl9nuFMCrO71tXTG,spotify:track:2RrZbxdl9nuFMCrO71tXTG,https://api.spotify.com/v1/tracks/2RrZbxdl9nuFMCrO71tXTG,https://api.spotify.com/v1/audio-analysis/2RrZbxdl9nuFMCrO71tXTG,154550,4
6,0.777,0.495,4,-12.427,0,0.175,0.333,7.7e-06,0.11,0.409,125.966,audio_features,6NwyHRfUVnUBUZW9W5McAZ,spotify:track:6NwyHRfUVnUBUZW9W5McAZ,https://api.spotify.com/v1/tracks/6NwyHRfUVnUBUZW9W5McAZ,https://api.spotify.com/v1/audio-analysis/6NwyHRfUVnUBUZW9W5McAZ,141129,4
7,0.743,0.841,0,-5.189,1,0.0391,0.0156,0.0,0.133,0.814,100.003,audio_features,5hGSM1NIumwLgI0Y97X9xB,spotify:track:5hGSM1NIumwLgI0Y97X9xB,https://api.spotify.com/v1/tracks/5hGSM1NIumwLgI0Y97X9xB,https://api.spotify.com/v1/audio-analysis/5hGSM1NIumwLgI0Y97X9xB,226800,4
8,0.487,0.65,0,-5.195,1,0.0253,0.191,0.0,0.0933,0.456,151.964,audio_features,6IBcOGPsniK3Pso1wHIhew,spotify:track:6IBcOGPsniK3Pso1wHIhew,https://api.spotify.com/v1/tracks/6IBcOGPsniK3Pso1wHIhew,https://api.spotify.com/v1/audio-analysis/6IBcOGPsniK3Pso1wHIhew,232533,4
9,0.711,0.592,4,-7.136,0,0.23,0.758,0.0,0.156,0.535,124.749,audio_features,6HlE9t71z9DjGi7KqSyEpA,spotify:track:6HlE9t71z9DjGi7KqSyEpA,https://api.spotify.com/v1/tracks/6HlE9t71z9DjGi7KqSyEpA,https://api.spotify.com/v1/audio-analysis/6HlE9t71z9DjGi7KqSyEpA,141224,4
10,0.923,0.569,6,-14.876,0,0.31,0.188,0.0726,0.122,0.788,127.182,audio_features,0S7WlAeGkC5XlslNyHPuM5,spotify:track:0S7WlAeGkC5XlslNyHPuM5,https://api.spotify.com/v1/tracks/0S7WlAeGkC5XlslNyHPuM5,https://api.spotify.com/v1/audio-analysis/0S7WlAeGkC5XlslNyHPuM5,194829,4
11,0.913,0.625,10,-6.901,0,0.334,0.0168,0.0,0.125,0.298,126.915,audio_features,7HbnX1fxCAoPa7nRVFSEFW,spotify:track:7HbnX1fxCAoPa7nRVFSEFW,https://api.spotify.com/v1/tracks/7HbnX1fxCAoPa7nRVFSEFW,https://api.spotify.com/v1/audio-analysis/7HbnX1fxCAoPa7nRVFSEFW,177704,4
12,0.572,0.89,6,-4.139,0,0.039,0.00082,0.00937,0.564,0.765,158.038,audio_features,11dxtPJKR4E0wlSr0A0t47,spotify:track:11dxtPJKR4E0wlSr0A0t47,https://api.spotify.com/v1/tracks/11dxtPJKR4E0wlSr0A0t47,https://api.spotify.com/v1/audio-analysis/11dxtPJKR4E0wlSr0A0t47,219773,4
13,0.87,0.752,4,-6.615,1,0.372,0.0352,1.1e-06,0.269,0.591,145.118,audio_features,0YYNIGKgAk34vZkV2NySie,spotify:track:0YYNIGKgAk34vZkV2NySie,https://api.spotify.com/v1/tracks/0YYNIGKgAk34vZkV2NySie,https://api.spotify.com/v1/audio-analysis/0YYNIGKgAk34vZkV2NySie,178834,4
14,0.311,0.485,6,-5.726,0,0.0365,0.701,0.0,0.0726,0.225,77.355,audio_features,55Am8neGJkdj2ADaM3aw5H,spotify:track:55Am8neGJkdj2ADaM3aw5H,https://api.spotify.com/v1/tracks/55Am8neGJkdj2ADaM3aw5H,https://api.spotify.com/v1/audio-analysis/55Am8neGJkdj2ADaM3aw5H,208827,4
15,0.808,0.97,10,-6.098,0,0.0506,0.0569,6.13e-05,0.154,0.868,114.328,audio_features,2gam98EZKrF9XuOkU13ApN,spotify:track:2gam98EZKrF9XuOkU13ApN,https://api.spotify.com/v1/tracks/2gam98EZKrF9XuOkU13ApN,https://api.spotify.com/v1/audio-analysis/2gam98EZKrF9XuOkU13ApN,242293,4
16,0.647,0.803,11,-5.36,0,0.389,0.137,4.06e-06,0.0952,0.55,82.108,audio_features,3VxOgQ9o1aKonFx4d5lPR3,spotify:track:3VxOgQ9o1aKonFx4d5lPR3,https://api.spotify.com/v1/tracks/3VxOgQ9o1aKonFx4d5lPR3,https://api.spotify.com/v1/audio-analysis/3VxOgQ9o1aKonFx4d5lPR3,173880,4
17,0.819,0.642,5,-7.037,1,0.189,0.336,0.0,0.0735,0.452,138.026,audio_features,0y9fkzOaaQy4Up22BGUbIp,spotify:track:0y9fkzOaaQy4Up22BGUbIp,https://api.spotify.com/v1/tracks/0y9fkzOaaQy4Up22BGUbIp,https://api.spotify.com/v1/audio-analysis/0y9fkzOaaQy4Up22BGUbIp,129241,4
18,0.58,0.908,4,-5.303,1,0.0341,0.000335,4.84e-05,0.087,0.427,115.016,audio_features,5i7ThJfYLAzp2DyZuFpF6j,spotify:track:5i7ThJfYLAzp2DyZuFpF6j,https://api.spotify.com/v1/tracks/5i7ThJfYLAzp2DyZuFpF6j,https://api.spotify.com/v1/audio-analysis/5i7ThJfYLAzp2DyZuFpF6j,213672,4
19,0.901,0.464,5,-9.789,0,0.0645,0.368,1.71e-05,0.238,0.638,109.004,audio_features,1fewSx2d5KIZ04wsooEBOz,spotify:track:1fewSx2d5KIZ04wsooEBOz,https://api.spotify.com/v1/tracks/1fewSx2d5KIZ04wsooEBOz,https://api.spotify.com/v1/audio-analysis/1fewSx2d5KIZ04wsooEBOz,203267,4
20,0.7,0.722,7,-3.558,0,0.0369,0.221,0.0,0.272,0.756,90.989,audio_features,3tjFYV6RSFtuktYl3ZtYcq,spotify:track:3tjFYV6RSFtuktYl3ZtYcq,https://api.spotify.com/v1/tracks/3tjFYV6RSFtuktYl3ZtYcq,https://api.spotify.com/v1/audio-analysis/3tjFYV6RSFtuktYl3ZtYcq,140526,4
21,0.849,0.536,1,-7.307,1,0.349,0.0239,0.0,0.126,0.308,141.964,audio_features,4Z5FyQlevoHoa5FsIVKZju,spotify:track:4Z5FyQlevoHoa5FsIVKZju,https://api.spotify.com/v1/tracks/4Z5FyQlevoHoa5FsIVKZju,https://api.spotify.com/v1/audio-analysis/4Z5FyQlevoHoa5FsIVKZju,122587,4
22,0.926,0.762,1,-1.887,1,0.205,0.000718,0.0,0.117,0.277,127.931,audio_features,6hLZzCS4E7AWo3PRBWy6az,spotify:track:6hLZzCS4E7AWo3PRBWy6az,https://api.spotify.com/v1/tracks/6hLZzCS4E7AWo3PRBWy6az,https://api.spotify.com/v1/audio-analysis/6hLZzCS4E7AWo3PRBWy6az,153750,4
23,0.88,0.501,2,-6.774,1,0.062,0.0494,0.0695,0.436,0.459,120.038,audio_features,614OkajfRPH8V0ugNQnduP,spotify:track:614OkajfRPH8V0ugNQnduP,https://api.spotify.com/v1/tracks/614OkajfRPH8V0ugNQnduP,https://api.spotify.com/v1/audio-analysis/614OkajfRPH8V0ugNQnduP,114500,4
24,0.614,0.937,1,-7.443,1,0.115,0.00161,0.00136,0.103,0.386,84.98,audio_features,7bCfHiRcfUjG0YVVNUL7Ve,spotify:track:7bCfHiRcfUjG0YVVNUL7Ve,https://api.spotify.com/v1/tracks/7bCfHiRcfUjG0YVVNUL7Ve,https://api.spotify.com/v1/audio-analysis/7bCfHiRcfUjG0YVVNUL7Ve,105176,4
25,0.586,0.893,7,-8.772,1,0.439,0.827,0.642,0.212,0.65,140.023,audio_features,1c5CllrZr45UBhWpIqM332,spotify:track:1c5CllrZr45UBhWpIqM332,https://api.spotify.com/v1/tracks/1c5CllrZr45UBhWpIqM332,https://api.spotify.com/v1/audio-analysis/1c5CllrZr45UBhWpIqM332,116630,3
26,0.799,0.66,1,-6.153,0,0.079,0.256,0.0,0.111,0.471,140.04,audio_features,02kDW379Yfd5PzW5A6vuGt,spotify:track:02kDW379Yfd5PzW5A6vuGt,https://api.spotify.com/v1/tracks/02kDW379Yfd5PzW5A6vuGt,https://api.spotify.com/v1/audio-analysis/02kDW379Yfd5PzW5A6vuGt,195429,4
27,0.948,0.33,11,-11.571,1,0.617,0.0761,0.0,0.0592,0.835,125.026,audio_features,7x3vcsxOTWQm3FxRrUEqzv,spotify:track:7x3vcsxOTWQm3FxRrUEqzv,https://api.spotify.com/v1/tracks/7x3vcsxOTWQm3FxRrUEqzv,https://api.spotify.com/v1/audio-analysis/7x3vcsxOTWQm3FxRrUEqzv,149682,4
28,0.788,0.43,10,-14.682,0,0.282,0.0372,0.0,0.111,0.257,100.014,audio_features,3sHClt8nhqPcLRnAnLmvEm,spotify:track:3sHClt8nhqPcLRnAnLmvEm,https://api.spotify.com/v1/tracks/3sHClt8nhqPcLRnAnLmvEm,https://api.spotify.com/v1/audio-analysis/3sHClt8nhqPcLRnAnLmvEm,173675,4
29,0.45,0.329,9,-12.603,0,0.0441,0.818,0.00109,0.135,0.266,71.884,audio_features,1Xi84slp6FryDSCbzq4UCD,spotify:track:1Xi84slp6FryDSCbzq4UCD,https://api.spotify.com/v1/tracks/1Xi84slp6FryDSCbzq4UCD,https://api.spotify.com/v1/audio-analysis/1Xi84slp6FryDSCbzq4UCD,183624,3
30,0.738,0.621,0,-7.313,1,0.0486,0.424,7.39e-06,0.692,0.715,113.968,audio_features,7aGyRfJWtLqgJaZoG9lJhE,spotify:track:7aGyRfJWtLqgJaZoG9lJhE,https://api.spotify.com/v1/tracks/7aGyRfJWtLqgJaZoG9lJhE,https://api.spotify.com/v1/audio-analysis/7aGyRfJWtLqgJaZoG9lJhE,136839,4
31,0.678,0.869,0,-4.345,0,0.0461,0.149,0.0,0.0593,0.882,123.964,audio_features,0iSWAT0EL8TwmzcgBjKMh6,spotify:track:0iSWAT0EL8TwmzcgBjKMh6,https://api.spotify.com/v1/tracks/0iSWAT0EL8TwmzcgBjKMh6,https://api.spotify.com/v1/audio-analysis/0iSWAT0EL8TwmzcgBjKMh6,200533,4
32,0.979,0.401,7,-7.401,1,0.407,0.0829,0.011,0.0657,0.411,120.002,audio_features,5UJ3N25ukIruG4Do8RDHra,spotify:track:5UJ3N25ukIruG4Do8RDHra,https://api.spotify.com/v1/tracks/5UJ3N25ukIruG4Do8RDHra,https://api.spotify.com/v1/audio-analysis/5UJ3N25ukIruG4Do8RDHra,151249,4
33,0.935,0.454,1,-7.509,1,0.375,0.0194,0.0,0.0824,0.357,133.073,audio_features,4Oun2ylbjFKMPTiaSbbCih,spotify:track:4Oun2ylbjFKMPTiaSbbCih,https://api.spotify.com/v1/tracks/4Oun2ylbjFKMPTiaSbbCih,https://api.spotify.com/v1/audio-analysis/4Oun2ylbjFKMPTiaSbbCih,187541,4
34,0.484,0.749,1,-4.176,1,0.0687,0.699,0.861,0.105,0.468,160.006,audio_features,6DONTnamNDOJdO6DzCu71p,spotify:track:6DONTnamNDOJdO6DzCu71p,https://api.spotify.com/v1/tracks/6DONTnamNDOJdO6DzCu71p,https://api.spotify.com/v1/audio-analysis/6DONTnamNDOJdO6DzCu71p,141395,4
35,0.954,0.696,10,-7.117,0,0.204,0.00576,0.000498,0.0754,0.432,100.036,audio_features,4Hpib09wXgD84w4uwTPnYD,spotify:track:4Hpib09wXgD84w4uwTPnYD,https://api.spotify.com/v1/tracks/4Hpib09wXgD84w4uwTPnYD,https://api.spotify.com/v1/audio-analysis/4Hpib09wXgD84w4uwTPnYD,139413,4
36,0.906,0.604,11,-8.332,0,0.0746,0.329,0.0,0.255,0.899,99.996,audio_features,2LUdpPCiiza6UQugipjMeS,spotify:track:2LUdpPCiiza6UQugipjMeS,https://api.spotify.com/v1/tracks/2LUdpPCiiza6UQugipjMeS,https://api.spotify.com/v1/audio-analysis/2LUdpPCiiza6UQugipjMeS,144013,4
37,0.714,0.609,3,-7.683,0,0.17,0.194,0.0,0.126,0.778,140.206,audio_features,1RSzyxqtIO4yX3EyiV4zT5,spotify:track:1RSzyxqtIO4yX3EyiV4zT5,https://api.spotify.com/v1/tracks/1RSzyxqtIO4yX3EyiV4zT5,https://api.spotify.com/v1/audio-analysis/1RSzyxqtIO4yX3EyiV4zT5,123480,4
38,0.577,0.387,7,-8.607,1,0.274,0.964,0.705,0.208,0.459,146.565,audio_features,435yU2MvEGfDdmbH0noWZ0,spotify:track:435yU2MvEGfDdmbH0noWZ0,https://api.spotify.com/v1/tracks/435yU2MvEGfDdmbH0noWZ0,https://api.spotify.com/v1/audio-analysis/435yU2MvEGfDdmbH0noWZ0,126312,1
39,0.639,0.526,0,-6.697,1,0.0256,0.245,2.43e-05,0.25,0.488,130.033,audio_features,0MF5QHFzTUM2dYm6J7Vngt,spotify:track:0MF5QHFzTUM2dYm6J7Vngt,https://api.spotify.com/v1/tracks/0MF5QHFzTUM2dYm6J7Vngt,https://api.spotify.com/v1/audio-analysis/0MF5QHFzTUM2dYm6J7Vngt,216880,3
40,0.897,0.513,10,-6.973,0,0.309,0.571,0.0,0.101,0.692,139.935,audio_features,2Ka3rGaf1fyXRxk5DxJlgj,spotify:track:2Ka3rGaf1fyXRxk5DxJlgj,https://api.spotify.com/v1/tracks/2Ka3rGaf1fyXRxk5DxJlgj,https://api.spotify.com/v1/audio-analysis/2Ka3rGaf1fyXRxk5DxJlgj,137744,4
41,0.366,0.439,4,-5.238,1,0.0298,0.0781,1.92e-05,0.108,0.11,115.94,audio_features,3sa1wUB8FAkoH95MGPGBWI,spotify:track:3sa1wUB8FAkoH95MGPGBWI,https://api.spotify.com/v1/tracks/3sa1wUB8FAkoH95MGPGBWI,https://api.spotify.com/v1/audio-analysis/3sa1wUB8FAkoH95MGPGBWI,214088,3
42,0.688,0.716,7,-5.702,1,0.0385,0.0969,0.0,0.0989,0.373,116.912,audio_features,3aA6xB0tOilDDX17fIJ0Bl,spotify:track:3aA6xB0tOilDDX17fIJ0Bl,https://api.spotify.com/v1/tracks/3aA6xB0tOilDDX17fIJ0Bl,https://api.spotify.com/v1/audio-analysis/3aA6xB0tOilDDX17fIJ0Bl,284480,3
43,0.716,0.531,7,-7.355,1,0.122,0.0703,0.0,0.224,0.344,71.994,audio_features,74tLlkN3rgVzRqQJgPfink,spotify:track:74tLlkN3rgVzRqQJgPfink,https://api.spotify.com/v1/tracks/74tLlkN3rgVzRqQJgPfink,https://api.spotify.com/v1/audio-analysis/74tLlkN3rgVzRqQJgPfink,386907,4
44,0.645,0.69,1,-5.946,1,0.0651,0.175,0.0,0.0911,0.383,93.956,audio_features,45XwnaoYoZnTftpb7zeZtd,spotify:track:45XwnaoYoZnTftpb7zeZtd,https://api.spotify.com/v1/tracks/45XwnaoYoZnTftpb7zeZtd,https://api.spotify.com/v1/audio-analysis/45XwnaoYoZnTftpb7zeZtd,234880,4
45,0.611,0.797,6,-7.627,0,0.0533,0.00543,0.00137,0.26,0.518,120.041,audio_features,2GiJYvgVaD2HtM8GqD9EgQ,spotify:track:2GiJYvgVaD2HtM8GqD9EgQ,https://api.spotify.com/v1/tracks/2GiJYvgVaD2HtM8GqD9EgQ,https://api.spotify.com/v1/audio-analysis/2GiJYvgVaD2HtM8GqD9EgQ,218107,4
46,0.823,0.586,6,-6.606,0,0.2,0.114,0.0,0.193,0.347,125.971,audio_features,0PvFJmanyNQMseIFrU708S,spotify:track:0PvFJmanyNQMseIFrU708S,https://api.spotify.com/v1/tracks/0PvFJmanyNQMseIFrU708S,https://api.spotify.com/v1/audio-analysis/0PvFJmanyNQMseIFrU708S,190476,4
47,0.866,0.563,11,-6.964,0,0.108,0.185,0.0,0.0889,0.307,127.954,audio_features,6Juv5N0dNU1imms9c9u1dA,spotify:track:6Juv5N0dNU1imms9c9u1dA,https://api.spotify.com/v1/tracks/6Juv5N0dNU1imms9c9u1dA,https://api.spotify.com/v1/audio-analysis/6Juv5N0dNU1imms9c9u1dA,161668,4
48,0.774,0.376,5,-9.372,1,0.208,0.297,0.0,0.165,0.391,122.089,audio_features,4lsHZ92XCFOQfzJFBTluk8,spotify:track:4lsHZ92XCFOQfzJFBTluk8,https://api.spotify.com/v1/tracks/4lsHZ92XCFOQfzJFBTluk8,https://api.spotify.com/v1/audio-analysis/4lsHZ92XCFOQfzJFBTluk8,201587,4
49,0.74,0.415,0,-8.914,1,0.0707,0.242,0.000156,0.319,0.156,136.029,audio_features,7JDWhC422Gtk1Bq0mL3OTC,spotify:track:7JDWhC422Gtk1Bq0mL3OTC,https://api.spotify.com/v1/tracks/7JDWhC422Gtk1Bq0mL3OTC,https://api.spotify.com/v1/audio-analysis/7JDWhC422Gtk1Bq0mL3OTC,180161,4
50,0.828,0.492,0,-9.744,1,0.0276,0.0644,0.00428,0.128,0.789,120.151,audio_features,0ofHAoxe9vBkTCp2UQIavz,spotify:track:0ofHAoxe9vBkTCp2UQIavz,https://api.spotify.com/v1/tracks/0ofHAoxe9vBkTCp2UQIavz,https://api.spotify.com/v1/audio-analysis/0ofHAoxe9vBkTCp2UQIavz,257800,4
51,0.624,0.614,2,-4.165,1,0.0448,0.00391,0.0278,0.187,0.139,168.87,audio_features,6A25J9As7towpxovYryAWr,spotify:track:6A25J9As7towpxovYryAWr,https://api.spotify.com/v1/tracks/6A25J9As7towpxovYryAWr,https://api.spotify.com/v1/audio-analysis/6A25J9As7towpxovYryAWr,147638,4
52,0.619,0.45,7,-11.965,0,0.515,0.433,0.0,0.513,0.41,179.755,audio_features,5jkbw3FDS3bSSb4oLKYbjf,spotify:track:5jkbw3FDS3bSSb4oLKYbjf,https://api.spotify.com/v1/tracks/5jkbw3FDS3bSSb4oLKYbjf,https://api.spotify.com/v1/audio-analysis/5jkbw3FDS3bSSb4oLKYbjf,194000,4
53,0.357,0.425,5,-7.301,1,0.0333,0.584,0.0,0.322,0.27,102.078,audio_features,4xqrdfXkTW4T0RauPLv3WA,spotify:track:4xqrdfXkTW4T0RauPLv3WA,https://api.spotify.com/v1/tracks/4xqrdfXkTW4T0RauPLv3WA,https://api.spotify.com/v1/audio-analysis/4xqrdfXkTW4T0RauPLv3WA,198040,3
54,0.524,0.709,7,-5.874,1,0.0632,0.224,0.193,0.0849,0.584,108.68,audio_features,7ui9Qq4JcPGcd3xWOeXhHp,spotify:track:7ui9Qq4JcPGcd3xWOeXhHp,https://api.spotify.com/v1/tracks/7ui9Qq4JcPGcd3xWOeXhHp,https://api.spotify.com/v1/audio-analysis/7ui9Qq4JcPGcd3xWOeXhHp,176467,3
55,0.316,0.63,5,-5.963,1,0.117,0.471,0.262,0.205,0.313,89.643,audio_features,6N22FZs2ZhPBYi3b9XPajV,spotify:track:6N22FZs2ZhPBYi3b9XPajV,https://api.spotify.com/v1/tracks/6N22FZs2ZhPBYi3b9XPajV,https://api.spotify.com/v1/audio-analysis/6N22FZs2ZhPBYi3b9XPajV,153294,1
56,0.896,0.78,1,-3.547,1,0.202,0.0828,0.0,0.0857,0.85,106.032,audio_features,1GcXzijYzyfMq6wryZjYW5,spotify:track:1GcXzijYzyfMq6wryZjYW5,https://api.spotify.com/v1/tracks/1GcXzijYzyfMq6wryZjYW5,https://api.spotify.com/v1/audio-analysis/1GcXzijYzyfMq6wryZjYW5,163019,4
57,0.414,0.807,10,-4.12,0,0.348,0.0428,0.0,0.822,0.409,175.158,audio_features,7Ezwtgfw7khBrpvaNPtMoT,spotify:track:7Ezwtgfw7khBrpvaNPtMoT,https://api.spotify.com/v1/tracks/7Ezwtgfw7khBrpvaNPtMoT,https://api.spotify.com/v1/audio-analysis/7Ezwtgfw7khBrpvaNPtMoT,191901,4
58,0.48,0.602,10,-6.335,0,0.368,0.487,0.0,0.0848,0.269,179.798,audio_features,5rZlwNFl01HqLWBQGryKSm,spotify:track:5rZlwNFl01HqLWBQGryKSm,https://api.spotify.com/v1/tracks/5rZlwNFl01HqLWBQGryKSm,https://api.spotify.com/v1/audio-analysis/5rZlwNFl01HqLWBQGryKSm,213333,4
59,0.644,0.883,1,-6.985,1,0.473,0.0119,0.0,0.377,0.522,164.158,audio_features,4SPBwOTXgku4QvmRtMEGfW,spotify:track:4SPBwOTXgku4QvmRtMEGfW,https://api.spotify.com/v1/tracks/4SPBwOTXgku4QvmRtMEGfW,https://api.spotify.com/v1/audio-analysis/4SPBwOTXgku4QvmRtMEGfW,97317,4
60,0.668,0.802,11,-7.317,0,0.0816,0.0581,0.0125,0.362,0.293,112.039,audio_features,6bJnv3XAkUBlNQ9CKiICKl,spotify:track:6bJnv3XAkUBlNQ9CKiICKl,https://api.spotify.com/v1/tracks/6bJnv3XAkUBlNQ9CKiICKl,https://api.spotify.com/v1/audio-analysis/6bJnv3XAkUBlNQ9CKiICKl,181071,4
61,0.968,0.451,2,-14.386,1,0.538,0.0847,1.98e-05,0.092,0.788,126.069,audio_features,018pMkBnWM0DBeH1ChL06R,spotify:track:018pMkBnWM0DBeH1ChL06R,https://api.spotify.com/v1/tracks/018pMkBnWM0DBeH1ChL06R,https://api.spotify.com/v1/audio-analysis/018pMkBnWM0DBeH1ChL06R,110132,4
62,0.91,0.617,0,-10.234,1,0.0847,0.258,0.0,0.122,0.572,104.972,audio_features,2gSbNY2qXZ5mPVixrMaFrY,spotify:track:2gSbNY2qXZ5mPVixrMaFrY,https://api.spotify.com/v1/tracks/2gSbNY2qXZ5mPVixrMaFrY,https://api.spotify.com/v1/audio-analysis/2gSbNY2qXZ5mPVixrMaFrY,166857,4
63,0.705,0.712,6,-6.156,1,0.0385,0.0102,0.000855,0.1,0.62,97.512,audio_features,2Y0iGXY6m6immVb2ktbseM,spotify:track:2Y0iGXY6m6immVb2ktbseM,https://api.spotify.com/v1/tracks/2Y0iGXY6m6immVb2ktbseM,https://api.spotify.com/v1/audio-analysis/2Y0iGXY6m6immVb2ktbseM,299960,4
64,0.917,0.612,5,-2.188,0,0.0855,0.238,2.42e-05,0.0585,0.678,89.961,audio_features,3n2P3ipLt5mPFVaM0fJHNR,spotify:track:3n2P3ipLt5mPFVaM0fJHNR,https://api.spotify.com/v1/tracks/3n2P3ipLt5mPFVaM0fJHNR,https://api.spotify.com/v1/audio-analysis/3n2P3ipLt5mPFVaM0fJHNR,193320,4
65,0.899,0.528,9,-5.442,1,0.181,0.000554,0.0101,0.105,0.456,100.037,audio_features,5DV4ZSCqbFv74ui3ZhimXo,spotify:track:5DV4ZSCqbFv74ui3ZhimXo,https://api.spotify.com/v1/tracks/5DV4ZSCqbFv74ui3ZhimXo,https://api.spotify.com/v1/audio-analysis/5DV4ZSCqbFv74ui3ZhimXo,111852,4
66,0.824,0.457,6,-5.428,1,0.0543,0.167,0.0,0.041,0.95,87.977,audio_features,73nAK3HgQK8dak83Y2WQ8F,spotify:track:73nAK3HgQK8dak83Y2WQ8F,https://api.spotify.com/v1/tracks/73nAK3HgQK8dak83Y2WQ8F,https://api.spotify.com/v1/audio-analysis/73nAK3HgQK8dak83Y2WQ8F,187427,4
67,0.444,0.35,9,-7.194,1,0.0483,0.453,0.109,0.0824,0.0973,95.979,audio_features,786ymAh5BmHoIpvjyrvjXk,spotify:track:786ymAh5BmHoIpvjyrvjXk,https://api.spotify.com/v1/tracks/786ymAh5BmHoIpvjyrvjXk,https://api.spotify.com/v1/audio-analysis/786ymAh5BmHoIpvjyrvjXk,328507,3
68,0.744,0.619,0,-9.805,1,0.039,0.598,0.00372,0.231,0.641,112.997,audio_features,7B3z0ySL9Rr0XvZEAjWZzM,spotify:track:7B3z0ySL9Rr0XvZEAjWZzM,https://api.spotify.com/v1/tracks/7B3z0ySL9Rr0XvZEAjWZzM,https://api.spotify.com/v1/audio-analysis/7B3z0ySL9Rr0XvZEAjWZzM,188387,4
69,0.844,0.429,2,-9.308,1,0.0448,0.574,0.0,0.0949,0.764,119.989,audio_features,2HQPOVBAOU2EBTy1nBGRiW,spotify:track:2HQPOVBAOU2EBTy1nBGRiW,https://api.spotify.com/v1/tracks/2HQPOVBAOU2EBTy1nBGRiW,https://api.spotify.com/v1/audio-analysis/2HQPOVBAOU2EBTy1nBGRiW,196000,4
70,0.804,0.323,0,-11.127,0,0.305,0.308,0.0,0.15,0.456,87.019,audio_features,5jjZikDrEd0by1o7V3fO4y,spotify:track:5jjZikDrEd0by1o7V3fO4y,https://api.spotify.com/v1/tracks/5jjZikDrEd0by1o7V3fO4y,https://api.spotify.com/v1/audio-analysis/5jjZikDrEd0by1o7V3fO4y,159293,4
71,0.56,0.936,3,-5.835,1,0.0439,0.00847,0.0,0.161,0.371,112.96,audio_features,0GO8y8jQk1PkHzS31d699N,spotify:track:0GO8y8jQk1PkHzS31d699N,https://api.spotify.com/v1/tracks/0GO8y8jQk1PkHzS31d699N,https://api.spotify.com/v1/audio-analysis/0GO8y8jQk1PkHzS31d699N,218013,4
72,0.646,0.823,2,-4.123,0,0.0394,0.213,0.0,0.322,0.418,128.035,audio_features,7MmG8p0F9N3C4AXdK6o6Eb,spotify:track:7MmG8p0F9N3C4AXdK6o6Eb,https://api.spotify.com/v1/tracks/7MmG8p0F9N3C4AXdK6o6Eb,https://api.spotify.com/v1/audio-analysis/7MmG8p0F9N3C4AXdK6o6Eb,227267,4
73,0.906,0.763,0,-6.322,1,0.398,0.147,0.0,0.107,0.58,139.961,audio_features,6hbg57wH6SyIDnPzwLeeXc,spotify:track:6hbg57wH6SyIDnPzwLeeXc,https://api.spotify.com/v1/tracks/6hbg57wH6SyIDnPzwLeeXc,https://api.spotify.com/v1/audio-analysis/6hbg57wH6SyIDnPzwLeeXc,131209,4
74,0.734,0.596,6,-10.023,0,0.324,0.118,0.0,0.107,0.317,98.024,audio_features,1Zv2jT7iZu98Feqpzhn0nd,spotify:track:1Zv2jT7iZu98Feqpzhn0nd,https://api.spotify.com/v1/tracks/1Zv2jT7iZu98Feqpzhn0nd,https://api.spotify.com/v1/audio-analysis/1Zv2jT7iZu98Feqpzhn0nd,159171,4
75,0.905,0.686,0,-3.152,1,0.0664,0.0907,0.0,0.266,0.963,103.013,audio_features,11EnQRgRMJwMAesfkB5pnu,spotify:track:11EnQRgRMJwMAesfkB5pnu,https://api.spotify.com/v1/tracks/11EnQRgRMJwMAesfkB5pnu,https://api.spotify.com/v1/audio-analysis/11EnQRgRMJwMAesfkB5pnu,155825,4
76,0.912,0.568,2,-6.107,1,0.476,0.0656,0.000105,0.0521,0.491,140.968,audio_features,2Xoc4gqPbBa3QHKpBLJ5l8,spotify:track:2Xoc4gqPbBa3QHKpBLJ5l8,https://api.spotify.com/v1/tracks/2Xoc4gqPbBa3QHKpBLJ5l8,https://api.spotify.com/v1/audio-analysis/2Xoc4gqPbBa3QHKpBLJ5l8,151520,4
77,0.674,0.882,3,-2.771,0,0.0477,0.000441,6.47e-05,0.068,0.682,123.016,audio_features,6lUY6MoqGgPnA27PHYxem5,spotify:track:6lUY6MoqGgPnA27PHYxem5,https://api.spotify.com/v1/tracks/6lUY6MoqGgPnA27PHYxem5,https://api.spotify.com/v1/audio-analysis/6lUY6MoqGgPnA27PHYxem5,205733,4
78,0.795,0.48,3,-8.556,1,0.0688,0.243,0.0,0.271,0.723,149.919,audio_features,5T490vvoFNU6psep0NPmxs,spotify:track:5T490vvoFNU6psep0NPmxs,https://api.spotify.com/v1/tracks/5T490vvoFNU6psep0NPmxs,https://api.spotify.com/v1/audio-analysis/5T490vvoFNU6psep0NPmxs,171375,4
79,0.746,0.69,11,-7.956,1,0.164,0.247,0.0,0.101,0.497,89.977,audio_features,7ytR5pFWmSjzHJIeQkgog4,spotify:track:7ytR5pFWmSjzHJIeQkgog4,https://api.spotify.com/v1/tracks/7ytR5pFWmSjzHJIeQkgog4,https://api.spotify.com/v1/audio-analysis/7ytR5pFWmSjzHJIeQkgog4,181733,4
80,0.884,0.546,2,-6.279,0,0.117,0.269,8e-06,0.064,0.49,113.236,audio_features,2Sla5cgNpVoRcckYjaAMKP,spotify:track:2Sla5cgNpVoRcckYjaAMKP,https://api.spotify.com/v1/tracks/2Sla5cgNpVoRcckYjaAMKP,https://api.spotify.com/v1/audio-analysis/2Sla5cgNpVoRcckYjaAMKP,162895,3
81,0.482,0.631,5,-6.917,1,0.0986,0.696,0.0242,0.209,0.0743,126.576,audio_features,2hfoyc7ve6xM4ZEiNIiU1B,spotify:track:2hfoyc7ve6xM4ZEiNIiU1B,https://api.spotify.com/v1/tracks/2hfoyc7ve6xM4ZEiNIiU1B,https://api.spotify.com/v1/audio-analysis/2hfoyc7ve6xM4ZEiNIiU1B,214558,3
82,0.518,0.936,2,-3.685,1,0.0447,0.00554,0.0,0.258,0.667,75.002,audio_features,6cufDC8WB5AZNSL3ZH2mgV,spotify:track:6cufDC8WB5AZNSL3ZH2mgV,https://api.spotify.com/v1/tracks/6cufDC8WB5AZNSL3ZH2mgV,https://api.spotify.com/v1/audio-analysis/6cufDC8WB5AZNSL3ZH2mgV,219813,4
83,0.764,0.705,3,-5.279,0,0.0278,0.0371,1.94e-05,0.0943,0.672,101.003,audio_features,0y60itmpH0aPKsFiGxmtnh,spotify:track:0y60itmpH0aPKsFiGxmtnh,https://api.spotify.com/v1/tracks/0y60itmpH0aPKsFiGxmtnh,https://api.spotify.com/v1/audio-analysis/0y60itmpH0aPKsFiGxmtnh,196520,4
84,0.657,0.574,1,-9.484,0,0.0407,0.016,8.1e-05,0.172,0.211,119.992,audio_features,2xRYnHQdLD9ketvC01UYYT,spotify:track:2xRYnHQdLD9ketvC01UYYT,https://api.spotify.com/v1/tracks/2xRYnHQdLD9ketvC01UYYT,https://api.spotify.com/v1/audio-analysis/2xRYnHQdLD9ketvC01UYYT,281080,4
85,0.904,0.723,11,-5.224,0,0.26,0.0631,0.0,0.185,0.835,145.013,audio_features,2MbdDtCv5LUVjYy9RuGTgC,spotify:track:2MbdDtCv5LUVjYy9RuGTgC,https://api.spotify.com/v1/tracks/2MbdDtCv5LUVjYy9RuGTgC,https://api.spotify.com/v1/audio-analysis/2MbdDtCv5LUVjYy9RuGTgC,227478,4
86,0.87,0.393,0,-11.208,1,0.595,0.537,0.0,0.199,0.666,135.875,audio_features,395xEQ7JYaOwxhSpexyDxa,spotify:track:395xEQ7JYaOwxhSpexyDxa,https://api.spotify.com/v1/tracks/395xEQ7JYaOwxhSpexyDxa,https://api.spotify.com/v1/audio-analysis/395xEQ7JYaOwxhSpexyDxa,130612,4
87,0.459,0.545,6,-4.874,1,0.0282,0.142,0.0,0.105,0.194,137.941,audio_features,6ZfXA2xakAvphXOSOJ3u1W,spotify:track:6ZfXA2xakAvphXOSOJ3u1W,https://api.spotify.com/v1/tracks/6ZfXA2xakAvphXOSOJ3u1W,https://api.spotify.com/v1/audio-analysis/6ZfXA2xakAvphXOSOJ3u1W,248587,3
88,0.826,0.615,1,-4.729,0,0.137,0.435,0.00631,0.334,0.841,102.999,audio_features,6vzLbfskWigBsCzNdB0kfE,spotify:track:6vzLbfskWigBsCzNdB0kfE,https://api.spotify.com/v1/tracks/6vzLbfskWigBsCzNdB0kfE,https://api.spotify.com/v1/audio-analysis/6vzLbfskWigBsCzNdB0kfE,175884,4
89,0.842,0.715,2,-6.03,1,0.0912,0.0265,0.0554,0.0831,0.428,126.021,audio_features,2FVMbLuIxo0dz3KLXgN6Jh,spotify:track:2FVMbLuIxo0dz3KLXgN6Jh,https://api.spotify.com/v1/tracks/2FVMbLuIxo0dz3KLXgN6Jh,https://api.spotify.com/v1/audio-analysis/2FVMbLuIxo0dz3KLXgN6Jh,160952,4
90,0.718,0.977,1,-1.824,1,0.0668,0.143,0.0318,0.374,0.259,125.983,audio_features,3aDhgouoRk6awklXL4QBGQ,spotify:track:3aDhgouoRk6awklXL4QBGQ,https://api.spotify.com/v1/tracks/3aDhgouoRk6awklXL4QBGQ,https://api.spotify.com/v1/audio-analysis/3aDhgouoRk6awklXL4QBGQ,148364,4
91,0.581,0.585,1,-1.87,1,0.369,0.27,6.48e-05,0.179,0.63,67.443,audio_features,18A7ha5BitZjmdHTCwXFbU,spotify:track:18A7ha5BitZjmdHTCwXFbU,https://api.spotify.com/v1/tracks/18A7ha5BitZjmdHTCwXFbU,https://api.spotify.com/v1/audio-analysis/18A7ha5BitZjmdHTCwXFbU,209829,3
92,0.728,0.431,6,-9.966,0,0.0622,0.749,0.0,0.0996,0.629,130.022,audio_features,5RqR4ZCCKJDcBLIn4sih9l,spotify:track:5RqR4ZCCKJDcBLIn4sih9l,https://api.spotify.com/v1/tracks/5RqR4ZCCKJDcBLIn4sih9l,https://api.spotify.com/v1/audio-analysis/5RqR4ZCCKJDcBLIn4sih9l,147800,4
93,0.686,0.541,0,-4.993,0,0.0493,0.042,0.0,0.0675,0.724,120.082,audio_features,6ap9lSRJ0iLriGLqoJ44cq,spotify:track:6ap9lSRJ0iLriGLqoJ44cq,https://api.spotify.com/v1/tracks/6ap9lSRJ0iLriGLqoJ44cq,https://api.spotify.com/v1/audio-analysis/6ap9lSRJ0iLriGLqoJ44cq,112493,4
94,0.723,0.658,0,-4.94,1,0.12,0.209,0.0,0.262,0.599,86.985,audio_features,0egBBvt6cfROuCHP5nBABx,spotify:track:0egBBvt6cfROuCHP5nBABx,https://api.spotify.com/v1/tracks/0egBBvt6cfROuCHP5nBABx,https://api.spotify.com/v1/audio-analysis/0egBBvt6cfROuCHP5nBABx,198966,4
95,0.712,0.568,5,-7.864,0,0.0546,0.0947,0.0,0.169,0.46,130.019,audio_features,2NeyJbL3ROKCjRkAjs77ya,spotify:track:2NeyJbL3ROKCjRkAjs77ya,https://api.spotify.com/v1/tracks/2NeyJbL3ROKCjRkAjs77ya,https://api.spotify.com/v1/audio-analysis/2NeyJbL3ROKCjRkAjs77ya,166356,4
96,0.632,0.639,5,-5.938,1,0.0259,0.00143,0.0,0.221,0.733,95.506,audio_features,4aR9bPMAOFySBuQSbVWF3d,spotify:track:4aR9bPMAOFySBuQSbVWF3d,https://api.spotify.com/v1/tracks/4aR9bPMAOFySBuQSbVWF3d,https://api.spotify.com/v1/audio-analysis/4aR9bPMAOFySBuQSbVWF3d,196893,4
97,0.705,0.373,7,-9.066,1,0.0384,0.723,0.81,0.289,0.551,120.046,audio_features,2mlGPkAx4kwF8Df0GlScsC,spotify:track:2mlGPkAx4kwF8Df0GlScsC,https://api.spotify.com/v1/tracks/2mlGPkAx4kwF8Df0GlScsC,https://api.spotify.com/v1/audio-analysis/2mlGPkAx4kwF8Df0GlScsC,208026,4
98,0.588,0.521,10,-9.461,1,0.0329,0.0678,0.149,0.123,0.337,85.012,audio_features,5E30LdtzQTGqRvNd7l6kG5,spotify:track:5E30LdtzQTGqRvNd7l6kG5,https://api.spotify.com/v1/tracks/5E30LdtzQTGqRvNd7l6kG5,https://api.spotify.com/v1/audio-analysis/5E30LdtzQTGqRvNd7l6kG5,260173,4
99,0.64,0.74,4,-4.083,1,0.0284,0.0115,0.00678,0.167,0.785,116.879,audio_features,6K4t31amVTZDgR3sKmwUJJ,spotify:track:6K4t31amVTZDgR3sKmwUJJ,https://api.spotify.com/v1/tracks/6K4t31amVTZDgR3sKmwUJJ,https://api.spotify.com/v1/audio-analysis/6K4t31amVTZDgR3sKmwUJJ,216320,4
